model,n_test,accuracy,formatting_rate,final_rate,avg_steps,avg_tokens
BASE,202,0.5297029702970297,0.10891089108910891,0.6584158415841584,2.3168316831683167,255.3960396039604
