model,n_test,accuracy,formatting_rate,final_rate,avg_steps,avg_tokens
SFT,202,0.9207920792079208,0.9306930693069307,0.9306930693069307,3.0346534653465347,97.4059405940594
